Model,Current Price
HyundaiElitei20Sportz(O)1.4CRDi,Rs.7.69 Lakh
MarutiErtigaZXISMARTHYBRID,Rs.9.27 Lakh
MarutiVitaraBrezzaLDI,"Rs.7,62,742"
FordEcosport1.5TITANIUMTIVCT,Rs.7.64 Lakh
HyundaiVernaFLUIDIC1.4CRDI,"Rs.9,99,900"
HyundaiElitei20MAGNA1.4,Rs.7.68 Lakh
HyundaiVernaFLUIDIC1.6CRDISX,Rs.14.21 Lakh
SkodaLauraELEGANCE2.0TDICR,0
VolkswagenVentoHIGHLINE,12.09 Lakh
MarutiSCrossZETA,Rs.9.95 Lakh
DatsunRediGoT,Rs.3.86 Lakh
HondaAmaze1.5EMTI,Rs.7.58 Lakh
MarutiBalenoDELTA1.2K12,Rs.8.06 Lakh
MarutiDzireVXI,Rs.6.91 Lakh
MarutiWagonR,Rs.5.45 Lakh
HyundaiGrandi10SPORTZ(O)1.2AT,"Rs.591,699"
RenaultDuster85PSRXL,Rs.10.46 Lakh
RenaultDusterRXZAMT110,Rs.10.17 Lakh
HondaAmaze1.5EXMTI,Rs.7.70 Lakh
HondaCivic1.8S,Rs.15.50 Lakh
SkodaRapidELEGANCE1.6TDI,0
ToyotaCorollaH21.8,Rs.11.13 Lakh
HyundaiXcentSX1.1,Rs.7.53 Lakh
MarutiRitzVXI,"Rs.4,89,163"
HyundaiGrandi10SPORTZ1.2KAPPA,"Rs.591,699"
MarutiSwiftDzireLXI1.2BS,Rs.5.69 Lakh
FordFigo1.2ZXI,Rs.6.85 Lakh
ToyotaInnovaCrysta2.4VX7,"17,53,397"
VolkswagenVentoCOMFORTLINE,9.99 Lakh
NissanTerranoXL110,"Rs.11,64,177"
HyundaiVENUE1.0LTurboGDISX,Rs.9.79 Lakh
MarutiSwiftDzireVXIRegalLimited,
HondaMobilio1.5VI,"Rs.10,62,500"
VolkswagenJettaTRENDLINE2.0L,Rs.13.99 Lakh
Hyundaii10SPORTZ,"Rs.4,87,925"
HyundaiTucsonNew2WDATGLS,Rs.22.56 Lakh
MarutiAltoK10VXI,Rs.3.94 Lakh
VolkswagenPoloCOMFORTLINE1.2L,0
NissanTerranoXLPLUS85PS,Rs.11.59 Lakh
HyundaiElitei20ASTA1.2,Rs.9 Lakh
MarutiIGNISDELTA1.2,Rs.5.75 Lakh
SkodaSuperb1.8TSISTYLE,Rs.33.50 Lakh
BMWX1SDRIVE,Rs.41.50 Lakh
MarutiWagonR1.0,Rs.4.98 Lakh
FiatGrandPuntoACTIVE,Rs.6.50 Lakh
HondaCity1.5EMT,Rs.13 Lakh
FordEcosport,Rs.8 Lakh
MahindraScorpioSLEBS,9.93 Lakh
SkodaRapid1.5TDIAT,"Rs.7,79,000"
SkodaSuperbELEGANCETDI2.0,Rs.33.50 Lakh
MarutiCelerio,Rs.4.53 Lakh
MercedesBenzEClassE250,"Rs.86,39,399"
HyundaiGrandi10SPORTZ1.1CRDISPECIAL,Rs.5.99 Lakh
SkodaSuperbELEGANCE1.8TSI,0
HyundaiElitei20ERA,Rs.5.60 Lakh
HondaAmaze1.5VXMTI,Rs.7.58 Lakh
MarutiNewWagon-RLXI1.0,Rs.4.66 Lakh
HyundaiEonMAGNA,Rs.4.16 Lakh
MahindraKuv100K46,Rs.5.92 Lakh
HyundaiCreta1.4S,"12,24,488"
FordEcosport1.0ECOBOOST,"Rs.9,63,301"
MarutiRitz,Rs.5.45 Lakh
Hyundaii10ERA1.1,4.45 Lakh
SkodaRapid1.5ACTIVETDI,"Rs.7,79,000"
HyundaiElitei20MAGNA,Rs.6.35 Lakh
MarutiDzireVDI,"Rs.7,57,622"
ToyotaCorollaHE1.8,Rs.10.17 Lakh
SsangyongRexton,Rs.22.90 Lakh
MarutiSwiftDzireVXI1.2BS,Rs.6.57 Lakh
MarutiCelerioZXIOPT,5.46 Lakh
HyundaiCreta1.6SXPLUSAUTO,Rs.13.82 Lakh
FordEcosport1.5AMBIENTE,Rs.9.75 Lakh
MahindraMARAZZOM87,Rs.12.64 Lakh
HyundaiSantroXingGL,Rs.3.69 Lakh
ChevroletSparkLS,"Rs.3,91,860"
HyundaiElitei20ASTA,"9,07,235"
HyundaiNEWSANTROSPORTZ,Rs.5.50 Lakh
VolkswagenPoloTrendline1.0L,Rs.6.01 Lakh
MarutiDzireZXI,Rs.7.60 Lakh
MarutiSX4ZXIMTLEATHERBS,Rs.8.35 Lakh
RenaultDusterRXZDIESEL,11.02 Lakh
ToyotaEtiosLivaD4D,Rs.6.50 Lakh
ToyotaEtiosLivaV,Rs.5.84 Lakh
ToyotaCorollaAltis,Rs.17.75 Lakh
HondaBrio1.2V,Rs.5.75 Lakh
HyundaiCreta1.6CRDISXPLUS,Rs.14.50 Lakh
MarutiRitzZXI,"Rs.5,49,738"
Hyundaii20MAGNA1.2,Rs.9 Lakh
HondaJazz1.2BASEI,"Rs.8,55,000"
HyundaiSantroXingXLERLXEURO,"Rs.4,50,000"
MarutiAlto800,Rs.4.48 Lakh
HyundaiGrandi10ASTA1.2KAPPA,Rs.5.52 Lakh
ToyotaCorollaAltisVL,Rs.17.50 Lakh
HyundaiGrandi10MAGNA1.2KAPPA,Rs.5 Lakh
HondaCityZX1.5VTEC,Rs.14.75 Lakh
MarutiAltoK10VXI(O),"Rs.3,94,036"
TataNanoXT,"Rs.2,92,667"
VolkswagenPoloHIGHLINE1.5L,0
Hyundaii10MAGNA1.1,"Rs.4,62,100"
MarutiSX4,Rs.8.25 Lakh
Hyundaii20MAGNAO,Rs.6.79 Lakh
HyundaiGrandi10SPORTZAT1.2KAPPA,"Rs.5,91,699"
RenaultDusterRXLAMT110,Rs.9.56 Lakh
Hyundaii20ASTA1.4,Rs.9 Lakh
ToyotaInnovaCrysta2.8ZXAT7,Rs.17.46 Lakh
HondaAccord2.4ATI,Rs.43.21 Lakh
MarutiCiazALPHA1.3DDIS,Rs.10.13 Lakh
HyundaiElitei20ASTA1.4,Rs.9.24 Lakh
HondaAmaze1.5VCVT,Rs.10.13 Lakh
FiatGrandPuntoDYNAMIC,Rs.6.50 Lakh
ToyotaEtiosGD,Rs.7.75 Lakh
MarutiZenEstilo,Rs.3.95 Lakh
HondaCRV2.4AT4WD,"Rs.28,37,359"
Hyundaii20SPORTZO1.4,Rs.7.59 Lakh
MarutiCiazALPHA1.5ATVTVT,Rs.11.30 Lakh
AudiQ335TDI,"Rs.39,92,200"
MarutiBalenoDELTA1.2,"Rs.5,90,000"
MarutiNewWagon-RLXICNG1.0,Rs.5.95 Lakh
VolkswagenVentoCOMFORTLINEMT,Rs.10 Lakh
MarutiIGNISZETA1.2K12,Rs.5.97 Lakh
RenaultLodgy110PSRXZ8,Rs.11.59 Lakh
VolkswagenVentoHIGHLINETDI,Rs.12.72 Lakh
HondaMobilio1.5VOPTI,Rs.7.29 Lakh
HyundaiCreta1.6SXPLUS,"13,50,245"
RenaultKwidRXT,Rs.4.42 Lakh
MarutiErtigaZDIPLUS,"Rs.7,69,000"
MarutiAltoK10LXI,"Rs.3,77,588"
SkodaRapidELEGANCE1.6MPFI,Rs.10.50 Lakh
MarutiErtigaVXISMART,Rs.8.44 Lakh
MarutiWagonR1.0VXIOPT,Rs.5.40 Lakh
Hyundaii10MAGNA,"Rs.4,62,100"
MahindraMARAZZOM28,Rs.11.64 Lakh
HyundaiAccentEXECUTIVE,Rs.5.17 Lakh
ToyotaCorollaAltisJ,Rs.17.50 Lakh
JeepCompassLIMITED1.4,Rs.16.99 Lakh
HondaBrio1.2VXATI,Rs.5.80 Lakh
ToyotaEtiosCROSS1.4,Rs.7.56 Lakh
ToyotaEtios,Rs.7.85 Lakh
HyundaiVernaFLUIDIC1.6SXVTVT,Rs.12 Lakh
FordEcosport1.5TRENDTI,Rs.8.64 Lakh
FordFigo1.4EXI,6.83 Lakh
RenaultKwidRXT1.0EASY-RAT,Rs.4.20 Lakh
HondaMobilio1.5SI,Rs.9.50 Lakh
HyundaiGRANDI10NIOSSPORTZ1.2,Rs.7.17 Lakh
MarutiSwiftVXI,Rs.6.19 Lakh
HyundaiXcentSX,Rs.7.09 Lakh
DatsunGoREMIX,Rs.5 Lakh
RenaultKwid,Rs.3.12 Lakh
VolkswagenVentoTRENDLINE,9.63 Lakh
HondaCityZX1.5,Rs.14.75 Lakh
ToyotaInnova2.5GX8STRBS,Rs.14.07 Lakh
HondaAmaze1.2EMTI,Rs.6.24 Lakh
FordEcosport1.5TITANIUMPLUSTIVCT,Rs.11.20 Lakh
MarutiSwift,Rs.5.49 Lakh
TataTIGORRevotron,Rs.6.10 Lakh
MarutiSwiftLXI,Rs.5.49 Lakh
MarutiOMNIE8,Rs.3.07 Lakh
VolkswagenPoloTRENDLINE1.2L,Rs.5.52 Lakh
DatsunRediGo,Rs.2.86 Lakh
MarutiSwiftLDIBS,Rs.5.49 Lakh
MarutiErtigaVDI,9.87 Lakh
TataNanoTWIST,Rs.2.85 Lakh
RenaultDuster85PS,Rs.10.46 Lakh
DatsunGo,Rs.4.03 Lakh
HondaCityVXMT,Rs.12.35 Lakh
FordFigo1.2EXI,4.80 Lakh
HyundaiSantroXing,"Rs.4,00,374"
HyundaiGrandi10MAGNA1.2,6.06 Lakh
ToyotaCorollaAltisD4D,Rs.33.75 Lakh
HyundaiElitei20ASTA1.2DUAL,Rs.9 Lakh
RenaultDusterRXZ110,Rs.10.17 Lakh
VolkswagenPassatHIGHLINE,28.99 Lakh
ToyotaYARISJ,Rs.9.16 Lakh
MarutiIGNISDELTA1.2K12,Rs.6.29 Lakh
SkodaFabiaAMBIENTE1.2,Rs.4.85 Lakh
TataNano,Rs.1.9 Lakh
MarutiCiaz,Rs.8.41 Lakh
Hyundaii20Active1.2,7.80 Lakh
TataTiagoXT1.05,Rs.5.49 Lakh
HyundaiCreta1.6E+,"9,28,547"
HyundaiGrandi10Sportz1.2,Rs.6.25 Lakh
MarutiCiazZETA1.4,Rs.9.79 Lakh
HyundaiVernaFLUIDIC1.6SX,11.73 Lakh
MarutiCiazZXI,Rs.8.77 Lakh
Hyundaii10ASTA1.2ATKAPPA2WITH,Rs.5.52 Lakh
ToyotaEtiosVX,Rs.7.50 Lakh
Hyundaii10ASTA1.2,Rs.5.99 Lakh
HyundaiVerna1.6SX(O)CRDI,13.03 Lakh
HondaAmaze1.2VCVTI,Rs.7.90 Lakh
SkodaRapid1.5TDIMTAmbition,Rs.9.99 Lakh
HyundaiGrandi10SPORTS1.2,Rs.6.38 Lakh
HyundaiGrandi10SPORTZO,Rs.6.37 Lakh
Hyundaii20MAGNAO1.4,Rs.6.66 Lakh
FordEcosport1.5TREND,"Rs.9,21,000"
Hyundaii20SPORTZ1.2,Rs.8.59 Lakh
HyundaiGrandi10ASTAAT1.2KAPPA,"Rs.5,52,005"
HondaCivic1.8V,Rs.15.13 Lakh
TataTiagoXZ1.2,Rs.6.53 Lakh
MarutiSwiftDzireVDI,"Rs.7,57,622"
BMW3Series,Rs.45.10 Lakh
HondaBrio1.2VMTI,Rs.5.75 Lakh
MarutiWagonR1.0LXICNG,Rs.5.46 Lakh
HondaCityVMT,Rs.11.10 Lakh
FordEcosport1.5TDCITITANIUM,Rs.10.00 Lakh
MahindraXUV500,Rs.13.83 Lakh
HondaAmaze1.2EXMTI,Rs.6.24 Lakh
ToyotaInnova2.5GX7STRBS,"Rs.13,45,894"
MarutiSwiftVDI,Rs.6.98 Lakh
MarutiSCrossSIGMA,Rs.8.39 Lakh
FordEcosport1.5TITANIUMTI,Rs.11.20 Lakh
HyundaiSantroXingGLS,Rs.4.00 Lakh
MahindraBoleroPower+,Rs.8.33 Lakh
MarutiSwiftDzire,Rs.5.61 Lakh
MarutiErtigaVXI,Rs.8.44 Lakh
TataNEXONXZ+,Rs.8.99 Lakh
MarutiErtiga,Rs.7.69 Lakh
HyundaiGrandi10ASTA1.2AT,"Rs.5,52,005"
ToyotaInnovaCrysta2.4GX7,0
VolkswagenPoloGTTSI1.2PETROL,Rs.8 Lakh
ChevroletCruzeLTZ,Rs.16.75 Lakh
MarutiEeco5STRWITHAC,Rs.4.38 Lakh
MahindraXUV500W11,Rs.18.33 Lakh
NissanSunnyXL,"Rs.9,12,534"
ToyotaEtiosLivaGD,Rs.6.50 Lakh
SkodaFabiaELEGANCE1.2,Rs.6.17 Lakh
MarutiAStarVXIABS,Rs.4.10 Lakh
HyundaiEonERAPLUS,Rs.3.85 Lakh
MarutiCiazZETA1.5SHVSVVT,Rs.11.27 Lakh
MarutiCelerioX,Rs.4.99 Lakh
ToyotaCorollaAltis1.8,Rs.17.04 Lakh
MarutiAlto800LXI,Rs.3.63 Lakh
Hyundaii20SPORTZ1.4,Rs.7.93 Lakh
FordFigoAspire1.5TITANIUM,"7,70,000"
AudiA62.0TDIPREMIUM,Rs.46.49 Lakh
MarutiBalenoDELTADDIS,Rs.7.46 Lakh
HondaCitySVMT,Rs.9.29 Lakh
MarutiNewWagon-R1.0Lxi(o),Rs.4.66 Lakh
HyundaiNewElantraS1.6,Rs.17.83 Lakh
HyundaiGrandi10Sportz(O)1.2,Rs.6.01 Lakh
MarutiCiazALPHA1.5MTVVT,Rs.11.30 Lakh
RenaultDusterRXLDIESEL,Rs.10.82 Lakh
MarutiVitaraBrezzaVDI,"Rs.8,14,742"
HyundaiNEWSANTROASTA1.1,Rs.5.88 Lakh
ChevroletBeatPS,"Rs.4,32,498"
ToyotaFortuner3.0AT,Rs.33.70 Lakh
VolkswagenVentoHIGHLINE1.2TSI,Rs.12.25 Lakh
MarutiEeco5,Rs.4.38 Lakh
MarutiSwiftVXILIMITED,Rs.6.19 Lakh
MercedesBenzGLAClass200CDI,Rs.32.33 Lakh
RenaultKwid1.0RXT,Rs.4.72 Lakh
MahindraXUV500W8,Rs.15.50 Lakh
HyundaiVernaFLUIDIC1.4,Rs.6.99 Lakh
MarutiCelerioVXI,Rs.4.92 Lakh
ToyotaInnova2.5VX7STRBS,Rs.12.50 Lakh
TataTiagoXZ1.05,Rs.5.94 Lakh
HondaCityV,Rs.10.99 Lakh
HondaCitySMT,Rs.10.99 Lakh
NissanSunnyXV,"Rs.9,93,997"
MarutiEeco5STRCNGWITHAC,Rs.5.18 Lakh
MarutiSwiftVXI1.3,Rs.6.19 Lakh
TataTiagoXT1.2,Rs.6.06 Lakh
MarutiVitaraBrezzaZDI,"Rs.8,92,242"
HyundaiEonERA,Rs.3.32 Lakh
MarutiCiazZDISHVS,Rs.9.76 Lakh
SkodaRapid1.6TDIMTAMBITION,Rs.9.95 Lakh
MarutiSwiftDzireZXI1.2BS,Rs.7.48 Lakh
MarutiNewWagon-RVXI,Rs.5.33 Lakh
MarutiAStar,Rs.4.23 Lakh
HondaAmaze1.2VXMTI,Rs.8.15 Lakh
HondaBrio1.2EMTI,Rs.5.73 Lakh
SkodaLauraAMBITION2.0TDICR,Rs.16.41 Lakh
TataIndicaVistaVX,Rs.5.98 Lakh
MarutiAltoK10,Rs.4 Lakh
VolkswagenJettaCOMFORTLINE2.0L,Rs.17.89 Lakh
ToyotaEtiosLivaD4DGD,Rs.6.25 Lakh
FordFiestaTREND,Rs.9.25 Lakh
HyundaiCreta1.6SXAT,Rs.13.82 Lakh
Hyundaii10SPORTZ1.2,Rs.5.99 Lakh
MarutiCiazDELTA1.5SHVS,Rs.10.21 Lakh
HyundaiEon,Rs.3.85 Lakh
Hyundaii20ERA,"5,14,066"
TataIndicaVistaAURA1.3,Rs.5.43 Lakh
FordFigoAspire1.2AMBIENTE,Rs.5.64 Lakh
Hyundaii10SPORTZ1.1,"Rs.4,87,925"
HondaAmaze1.2SMTI,Rs.7.93 Lakh
VolkswagenPoloHIGHLINE1.2L,Rs.7.09 Lakh
FordEcosport1.5TITANIUMTDCI,"Rs.9,99,900"
MarutiAlto,Rs.3.75 Lakh
MarutiAltoK10K10VXI,4.18 Lakh
NissanTerranoXLOPT85,Rs.7.50 Lakh
HyundaiVernaFLUIDIC1.6SXVTVTOPT,Rs.6.24 Lakh
HyundaiVENUESMT1.2,Rs.8.93 Lakh
MarutiSwiftZXIPLUS,Rs.7.58 Lakh
MahindraScorpioS6,"Rs.1,199,000"
MarutiSwiftVDIGlory,Rs.6.32 Lakh
Hyundaii10,Rs.5.15 Lakh
MarutiVitaraBrezza,Rs.9.40 Lakh
HondaCitySVCVT,Rs.12.94 Lakh
MarutiCiazDELTA1.5SHVSVVT,Rs.11.76 Lakh
MahindraXUV500W6,Rs.13.63 Lakh
MarutiSwiftDzireVXI,"Rs.6,79,000"
SkodaRapid1.5TDIMT,"Rs.7,79,000"
HyundaiGrandi10ERA1.2,Rs.5.95 Lakh
MarutiBalenoZETA1.2,Rs.7.17 Lakh
HondaCity1.5V,Rs.9.07 Lakh
MarutiWagonR1.0LXICNGLIMITED,Rs.4.66 Lakh
HyundaiXcentS,Rs.5.81 Lakh
MahindraKuv100K6D6,Rs.5.85 Lakh
RenaultDusterRXZ85PS,Rs.11.24 Lakh
AudiA62.0,Rs.58.75 Lakh
ToyotaInnova2.5V,Rs.11.97 Lakh
MarutiNewWagon-R1.0LXI,Rs.5.53 Lakh
BMW3Series320D,48.29 Lakh
ToyotaCorollaH31.8,Rs.11.72 Lakh
HondaBR-V1.5i-VTEC,"Rs.12,85,900"
HondaWR-V1.2i-VTECVX,Rs.8.50 Lakh
HyundaiEonDLITE,"Rs.3,34,900"
MarutiWagonR1.0VXI+(O),Rs.4.98 Lakh
HyundaiSantroXingXOERLXEURO,"Rs.4,00,000"
MarutiBalenoZETA1.2K12,Rs.7.17 Lakh
ToyotaEtiosLiva,Rs.5.68 Lakh
FordFigoAspire1.5TREND,"Rs.8,34,000"
MahindraTUV300,Rs.10.80 Lakh
RenaultKwidRXL1.0EASY-R,Rs.4.96 Lakh
MarutiRitzVXIABS,"Rs.5,13,902"
MarutiSwiftZDI,"Rs.5,49,000"
MarutiEeco5STRCNGWITH,Rs.6.75 Lakh
HondaAmaze1.5SMTI,Rs.8.26 Lakh
SkodaLauraAMBIENTE2.0TDICR,Rs.16.41 Lakh
MarutiRitzVXIBS,"Rs.5,13,902"
MahindraScorpio,Rs.11.98 Lakh
JeepCompass2.0LIMITED,Rs.26.77 Lakh
VolkswagenVentoHIGHLINEPETROL,Rs.10.00 Lakh
HyundaiGrandi101.2ASTA(O),"Rs.5,52,005"
HyundaiElitei20SPORTZ,Rs.7.22 Lakh
HyundaiXcentSX1.1CRDI,Rs.7.02 Lakh
HondaJazz1.2V,"Rs.7,35,000"
Hyundaii20MAGNA1.4,Rs.9 Lakh
HyundaiVernaFLUIDIC1.6EXCRDI,Rs.9.99 Lakh
MarutiSwiftDzireVDIBS,Rs.5.61 Lakh
HondaBrio1.2VXMTI,Rs.5.75 Lakh
RenaultKwidCLIMBER1.0,Rs.5.31 Lakh
HondaAmaze1.2VMT,Rs.7.55 Lakh
HyundaiVENUE1.0TURBOGDISX+,Rs.8.64 Lakh
HyundaiNEWSANTRO1.1MAGNACNG,Rs.5.86 Lakh
MarutiCiazVDI+,Rs.9.90 Lakh
MarutiCiazVDI,"Rs.8,92,031"
HyundaiVernaFLUIDIC1.6SXCRDI,Rs.11.73 Lakh
TataHexaVaricor400,"Rs.17,94,860"
Hyundaii10MAGNA1.2,"Rs.4,61,681"
HyundaiElitei201.4CRDIASTA,Rs.9 Lakh
MercedesBenzCClass220EDITION,43.37 Lakh
SkodaRapid1.6TDIMT,Rs.10 Lakh
MarutiAltoLXI,Rs.3.63 Lakh
HondaAmaze1.5SXMTI,Rs.8.26 Lakh
ToyotaInnovaCrysta2.4GX8,0
HyundaiVernaFLUIDIC1.6CRDISXOPT,Rs.12.75 Lakh
FordNewFigo1.5TITANIUMAT,Rs.7.70 Lakh
MahindraXUV3OO,Rs.10.20 Lakh
MarutiSwiftZXI,Rs.6.78 Lakh
MahindraTUV300T8,Rs.10.80 Lakh
MarutiCelerioZXI,Rs.5.58 Lakh
ToyotaEtiosCROSS,Rs.7.50 Lakh
FordEcosport1.5TITANIUM,Rs.9.99 Lakh
HondaCityVXMTO,Rs.12.85 Lakh
RenaultKwid1.0,Rs.4.42 Lakh
HyundaiElitei201.2MAGNAPLUS,Rs.9 Lakh
HyundaiCreta1.6,"12,35,441"
HyundaiElitei20MagnaExecutive,"7,22,198"
MarutiWagonRVXIBS,4.41 Lakh
MarutiSwiftDzireZXI,"Rs.8,00,500"
BMW5Series,Rs.55.99 Lakh
HyundaiGrandi10Magna1.2AT,Rs.6.05 Lakh
HyundaiVerna1.6SXVTVTAT,11.74 Lakh
NissanMicraXEPLUS,Rs.4.78 Lakh
MarutiCelerioVXI(O),Rs.4.92 Lakh
VolkswagenPoloGT,Rs.9.92 Lakh
HondaCityVX(O),Rs.12.39 Lakh
HyundaiVernaFLUIDIC1.6EX,Rs.9.99 Lakh
NissanMicraXVPREMIUM,"Rs.7,66,024"
HondaCityVXCVT,Rs.12.85 Lakh
HyundaiVENUE1.4CRDIMT,Rs.9.78 Lakh
HyundaiElitei201.2SPORTSPLUS,Rs.9 Lakh
MarutiEeco5STRWITHACPLUS,Rs.4.38 Lakh
MarutiWagonRDuoLXI,Rs.4.15 Lakh
HyundaiCreta1.4EPLUS,"Rs.9,99,990"
MarutiDzire,Rs.7.50 Lakh
TataNEXONXM,Rs.8.96 Lakh
VolkswagenPoloHIGHLINE1.6L,Rs.5.25 Lakh
ToyotaEtiosLivaG,Rs.5.34 Lakh
MarutiWagonR1.0VXI,Rs.5.94 Lakh
MahindraXUV500W10,Rs.18.25 Lakh
MarutiSwiftZXI+BS,Rs.6.73 Lakh
MarutiBalenoALPHA1.2,Rs.9.1 Lakh
HyundaiXcentS1.2,Rs.5.81 Lakh
HondaBrio1.2SMTI,Rs.5.23 Lakh
ToyotaInnova2.5VX8STRBS,"Rs.16,08,893"
MarutiVitaraBrezzaZDIPLUSDUAL,Rs.11.98 Lakh
HyundaiCreta1.6SX(O),"14,56,615"
VolkswagenPoloCOMFORTLINE1.5L,Rs.10.28 Lakh
MarutiWagonR1.0LXI,Rs.4.65 Lakh
HondaBrio1.2EXMTI,Rs.6.18 Lakh
ToyotaInnovaCrysta2.4VX8,0
ToyotaFortuner3.0MT,Rs.31.39 Lakh
RenaultKwidCLIMBER,Rs.4.42 Lakh
MarutiEeco7,Rs.4.26 Lakh
MarutiSwiftDzireLDIBS,0
RenaultKwidRXT1.0EASY-R,Rs.5.36 Lakh
TataZestXMAQUADRAJET,Rs.8.34 Lakh
MarutiVitaraBrezzaZDI+,"Rs.8,92,242"
MarutiBalenoSIGMA1.2,Rs.6.47 Lakh
MahindraTharCRDE4X4BS,Rs.13.15 Lakh
MarutiCiazDELTA1.3DDIS,Rs.9.81 Lakh
HyundaiCreta1.6SX,Rs.13.50 Lakh
HondaAmaze1.2SATI,Rs.8.85 Lakh
HyundaiVENUE1.0LTurboGDISX(O),Rs.12.76 Lakh
TataTiagoXZA1.2,Rs.5.95 Lakh
TataNEXONXMA,Rs.8.59 Lakh
TataTIAGOJTP,Rs.6.69 Lakh
MGHECTORSHARPDCT,"Rs.17,55,800"
HondaJazz1.2SV,"Rs.6,78,900"
HyundaiElitei20SPORTZ(O),Rs.7.22 Lakh
HyundaiVerna,Rs.9.11 Lakh
MarutiBalenoALPHADDIS,"Rs.5,90,000"
MarutiBalenoZETADDIS,Rs.8.07 Lakh
HyundaiGrandi10ASTA1.1(O),Rs.5.00 Lakh
MarutiWagonRStingray,"Rs.4,58,355"
HondaCityZX,Rs.14.75 Lakh
Hyundaii20ASTA,Rs.8.69 Lakh
Hyundaii10SPORTZ1.2AT,Rs.6.37 Lakh
MarutiCiazZDI+,"Rs.9,76,298"
FordFigo1.2TITANIUM,Rs.8.19 Lakh
HyundaiEonD,Rs.3.32 Lakh
HyundaiGrandi10SPORTZ1.1,Rs.6.37 Lakh
